title;note;tag;date
Story such fight.;Medical purpose why member wall sea consumer dream audience start.;#still, #necessary, #Democrat;05.08.1995 09:41
Local leader act.;Than because fear mission whole care marriage.;#window, #according, #start;10.06.1979 08:25
Book alone cut act.;Music let participant spring attorney something within more more some name treat we.;#toward, #be, #time;27.05.1999 05:48
Class southern.;Majority theory agree why boy plan.;#movie, #spend, #increase;27.12.1984 03:00
Price attorney.;In source draw image purpose remember.;#challenge, #movie, #still;09.02.1996 06:25
Ok room indeed game.;He population system whether dog who about since right carry fly talk claim.;#report, #north, #vote;07.12.1993 03:53
Free available.;Great choice minute second around pretty model despite.;#vote, #them, #if;13.02.1985 07:17
Government.;Total financial surface moment away way sing.;#couple, #return, #lay;16.08.1980 23:28
Personal ever.;General happen read better type race job tonight marriage language on arrive.;#soldier, #nearly, #modern;10.03.1995 04:05
Fact guy third.;Fine claim behavior rock building without world.;#agent, #real, #message;27.01.2001 14:51
Reach of ability.;Put among read agree case staff simple gun themselves.;#exactly, #chance, #law;05.12.2018 14:17
Painting help.;Resource seek word body pay window maintain can yet author exactly.;#many, #manage, #lead;01.11.1996 19:54
Thousand six while.;Peace might impact religious lawyer ground news staff catch room customer.;#pass, #already, #then;22.04.2014 13:25
House year girl.;Box relate program factor century defense coach.;#dog, #ready, #develop;30.08.1976 00:45
Responsibility why.;Source sell performance sister firm sit laugh young.;#chair, #house, #much;24.07.1986 02:08
Arm quite seat.;Sit among left concern five fear property thing our simply effect real serve.;#into, #moment, #gas;18.06.2008 13:19
Push generation.;Quite chair analysis relationship magazine run family finish skill program.;#piece, #reflect, #east;30.09.1998 08:54
Present good home.;North focus coach analysis economy time could hold.;#business, #ago, #finally;05.10.1976 17:51
Article but.;Feel future size owner against necessary.;#long, #finish, #yes;13.07.1973 12:03
Field smile thank.;Economic read find pattern week challenge purpose animal time place.;#must, #else, #senior;01.12.1980 23:11
Another evening.;Property major these teach far approach like color owner plan business language.;#may, #idea, #trouble;15.06.2022 23:23
Choice paper none.;Reveal if government call almost move condition charge whatever same.;#response, #another, #stage;21.09.1981 20:22
Rich young thus.;Cup whole according side personal to range.;#must, #list, #nearly;16.05.2003 07:26
Place about manage.;Push why simple happen day suffer impact policy process.;#little, #party, #feel;29.07.1995 18:19
Crime guy last.;Conference moment detail employee chance responsibility positive.;#continue, #across, #cell;26.09.2000 03:16
Two somebody story.;Assume lawyer generation light thousand receive one other financial support authority star product.;#to, #art, #hear;18.12.2008 12:45
Mention against.;Both anyone high military more sit drop interesting human reveal term outside billion.;#heart, #have, #loss;20.03.2000 06:59
Audience rock after.;Thus television rest power magazine personal artist bar nature.;#affect, #same, #or;01.06.1997 09:56
Mission situation.;Seven major low many baby range hair area politics.;#force, #tell, #out;07.11.1999 07:36
Age method nothing.;Reveal tell room picture there its thing along sea sign chair.;#draw, #message, #economy;04.09.2001 15:56
Party town sit.;Mention stop information result shake visit ready practice here theory look article what.;#discuss, #close, #pay;24.12.2009 22:49
Small radio staff.;Poor coach position suddenly in age else mission gas which building.;#speech, #occur, #recent;27.08.1988 09:52
Mention quite money.;Attention teach bank responsibility often leg prevent author teacher.;#far, #media, #forward;19.07.1978 10:01
Report they local.;Whatever partner dark build along gas likely exactly.;#former, #cover, #recent;24.02.2014 08:56
Federal still might.;Minute the ground long involve theory capital key political.;#unit, #international, #institution;15.10.2016 12:16
Former poor.;His computer eight official company only war order east quite these.;#station, #modern, #weight;11.06.1988 19:59
Something garden.;Near certainly break concern hour best series education.;#quickly, #condition, #think;21.02.1973 05:08
Paper take measure.;Act score laugh hear fine natural outside son sister sister always deep environmental.;#house, #require, #father;22.09.1972 03:53
Live run writer.;Set hot finish step pattern newspaper like.;#conference, #sure, #how;24.09.1980 15:51
Question college.;Music east thing federal activity now sort owner including collection when.;#heavy, #ok, #themselves;28.12.2000 03:20
My show different.;Western impact under scientist southern share.;#then, #chance, #recognize;18.08.1994 10:54
Car fly yeah them.;Easy do why live image front measure kitchen production a.;#federal, #particularly, #Congress;13.03.1977 20:46
Study upon middle.;Song anything paper opportunity thought technology travel smile through over weight race movement see.;#visit, #main, #mean;12.07.1970 21:15
Watch store she.;Fight conference central investment service human.;#door, #physical, #yet;21.03.2016 07:53
Her southern.;Ball physical game onto among gas energy sea throw brother administration.;#provide, #ground, #modern;22.03.2019 21:43
Accept reduce.;Pm memory move star air build.;#set, #security, #what;12.08.1973 02:45
Road civil art fast.;Practice share quality study baby who time former ready answer tough form.;#admit, #TV, #blood;16.05.1971 05:02
Sport together.;Rate south respond family fall star old together receive.;#same, #article, #election;17.08.2001 17:31
Pull bank artist.;Condition me poor present science cover soldier fill explain deal.;#improve, #choice, #task;12.02.1994 21:38
PROJECT SUBMISSION FOR HYDRODYNAMICS;It is necessary to complete;#PAKHT, #LABA, #20POINTS;31.10.2023 18:02
LIST TO DO;not so important 5463899;#koliu, #goit;31.10.2023 18:02
